https://myaccount.google.com/u/0/signinoptions/password	aida.sljuka.as@gmail.com	Ylli!27052017<3
https://www.paramountplus.com/at/account/signin/	ylli_blakaj@hotmail.com	Aidaylli270517!
https://identity.iubh.de/service/private/login	aida.sljuka	Ylli.27052017
https://moodle.univie.ac.at/theme/university_boost/login/index.php	sljukaa98	Ylli.27052017
https://auth.services.adobe.com/de_DE/deeplink.html	aida.sljuka@stud.fh-campuswien.ac.at	Ylli.27052017
https://www.wifiwien.at/login	akujls	Ylli.27052017
https://piazza.com/connect	Aida Sljuka	Ylli.27052017
https://discordapp.com/channels/706103655912308756/706103655912308759	aida.sljuka.as@gmail.com	Berlin.2020
https://www.netflix.com/login	ylli_blakaj@hotmail.com	Aidaylli270517!
https://www.hrkgame.com/en/account/signup/	akujls	Berlin.2020
https://de.wikipedia.org/wiki/Spezial:Benutzerkonto_anlegen	Akujls	Ylli.27052017
https://auth.rtl.de/auth/realms/rtlplus/protocol/openid-connect/auth	aida.sljuka.as@gmail.com	Ylli.27052017
https://www.expedia.at/user/itin	ylli_blakaj@outlook.com	Aidaylli270517
https://rdweb.wvd.microsoft.com/webclient/index.html	a.sljuka@integrationsfonds.at^	computer2
https://www.expedia.com/user/itin	ylli_blakaj@outlook.com	Aidaylli270517
https://care-fs.iubh.de/de/	aida.sljuka	Ylli.27052017
https://www.shein.in/user/auth/login	aida.sljuka.as@gmail.com	Ylli.27052017
https://my.asos.com/identity/login	aida.sljuka.as@gmail.com	Berlin.2020
https://www.paypal.com/signin	ylli_blakaj@hotmail.com	Aidaylli270517
https://uspace.univie.ac.at/web/gast/login	sljukaa98	Ylli.27052017
https://www.paypal.com/signin	ylli_blakaj@hotmail.com	Ylli.27052017
https://rdweb.wvd.microsoft.com/webclient/index.html	a.sljuka@integrationsfonds.at	computer2
https://secure.post.at/sso/login	aida.sljuka.as@gmail.com	Ylli.27052017
https://www.paypal.com/signin	aida.sljuka.as@gmail.com	Ylli.27052017
https://www.integrationsfonds.at/typo3/	sljuka	Ylli.2705
https://filmara.de/registrierung/	aida.sljuka.as@gmail.com	Ylli.27052017
https://www.zalando.at/	aida.sljuka.as@gmail.com	Berlin.2020
https://www.drei.at/de/login/reset/	6606257371	Ylli27052017
http://192.168.1.254/	user	Ylli.27052017
https://www.netflix.com/password	aida.sljuka.as@gmail.com	Ylli.27052017
https://www.leovegas.com/de-de/	aida.sljuka.as@gmail.com	Aida.310898
http://192.168.1.254/	ASL	27052017
https://login.microsoftonline.com/common/oauth2/authorize	aida.sljuka@integrationsfonds.at	computer7
https://login.microsoftonline.com/57f200a2-009c-4d1a-bf1b-c1087d3cf9a1/oauth2/authorize	a.sljuka@integrationsfonds.at	computer2
https://rdweb.wvd.microsoft.com/webclient/index.html	aida.sljuka@integrationsfonds.at	computer4
https://login.microsoftonline.com/common/oauth2/authorize	aida.sljuka@iubh-fernstudium.de	a?Crlt1!
https://www.instagram.com/	akujls	Berlin.2020
https://www.douglas.at/de/resetPassword	aida.sljuka.as@gmail.com	Ylli.27052017
https://www.amazon.de/ap/signin	aida.sljuka.as@gmail.com	Berlin.2020
https://eur.shein.com/user/auth/login	aida.sljuka.as@gmail.com	Ylli.27052017
https://accounts.google.com/signin/v2/challenge/pwd	aida.sljuka.as@gmail.com	Ylli!27052017<3
https://care-ds.iubh.de/	aida.sljuka	Ylli.27052017
https://skyx.sky.at/bestellung	aida.sljuka.as@gmail.com	Ylli.27052017
https://www.amydeluxe.de/authentifizierung	aida.sljuka.as@gmail.com	Ylli.27052017
https://account.samsung.com/accounts/v1/CSWEB/signInGate	aida.sljuka.as@gmail.com	Aida.310898
https://rdweb.wvd.microsoft.com/webclient/index.html	a.sljuka@integrationsfonds.at,	computer2
https://www.twitch.tv/	aida98s	Ylli.27052017
https://ebanking.bawagpsk.com/InternetBanking/epsi/customer/showLogin	470605350	310898Aida
https://www.shein.com/user/auth/login	aida.sljuka.as@gmail.com	Ylli.27052017
https://login.iubh.de/idp/profile/SAML2/POST/SSO	aida.sljuka	Ylli.27052017
https://www2.hm.com/de_at/password/changeSignIn	aida.sljuka.as@gmail.com	Berlin.2020
https://worldcup.6pmseason.com/de/	ylli_blakaj@hotmail.com	Aidaylli270517!
https://alfies.shop/de/at/login	ylli_blakaj@outlook.com	Aidaylli270517
https://www.sanct-bernhard-sport.de/de-DE/mein-konto	ylli_blakaj@hotmail.com	Aidaylli270517!
https://tickets-official.fcbarcelona.com/mens-football-basic-spotify-camp-nou/select/2684778/presale	ylli_blakaj@hotmail.com	Aidaylli270517!
https://www.disneyplus.com/identity/login/enter-password	aida.sljuka.as@gmail.com	Ylli.27052017
https://authenticate.riotgames.com/	graph1xd	Aidaylli270517
https://www.snipes.com/de-at/c/preaccess-1310	ylli_blakaj@outlook.com	Aida27052017!
https://checkout.def-shop.at/embedded/account/login	ylli_blakaj@hotmail.com	Aidaylli270517!
https://www.geoguessr.com/de	ylli_blakaj@hotmail.com	Aidaylli270517!
https://www.ssio.shop/account/login	ylli_blakaj@hotmail.com	Aidaylli270517!
https://hianime.to/home	ylli_blakaj@hotmail.com	Aidaylli270517!
https://www.mylemon.at/	ylli_blakaj@hotmail.com	Aidaylli270517
https://mylemon.at/	ylli_blakaj@hotmail.com	Aidaylli270517
https://signup.ebay.at/pa/crte	ylli_blakaj@hotmail.com	Aidaylli270517!
https://www.kickstarter.com/profiles	ylli_blakaj@hotmail.com	Aidaylli270517!
https://backloggd.com/users/sign_up	graph1x	Aidaylli270517!
https://accounts.bethesda.net/en/auth	graph1x	Aidaylli270517
https://en.miharayasuhiro.jp/cart/	ylli_blakaj@hotmail.com	Aidaylli270517!
https://www.loaded.com/customer/account/login/	ylli_blakaj@outlook.com	Aidaylli270517!
https://eu.account.battle.net/login/en-us/password	ylli_blakaj@hotmail.com	Aidaylli270517
https://www.mpb.com/de-at	ylli_blakaj@hotmail.com	Aidaylli270517!
https://www.agv.com/at/de/checkout/	ylli_blakaj@hotmail.com	Aidaylli270517!
https://hianime.to/watch/golden-kamuy-863	graph1x	Aidaylli270517!
https://bewerben.hcw.ac.at/registration	ylli_blakaj@hotmail.com	Aidaylli270517!
https://identity.alza.at/Account/Login	ylli_blakaj@outlook.com	Aidaylli270517
https://slayersclub.bethesda.net/de	graph1x	Aidaylli270517
https://www.redbubble.com/de/signup	yllib1	Aidaylli270517
https://www.yuplay.com/register/	ylli_blakaj@hotmail.com	Aidaylli270517!
https://www.1ashop.at/de/kundenbereich/registrierung.html	ylli_blakaj@hotmail.com	Aidaylli270517!
https://discordapp.com/login	ylli_blakaj@outlook.com	Aidaylli270517
https://www.alfies.at/login	ylli_blakaj@outlook.com	Aidaylli270517
https://moodle.univie.ac.at/theme/university_boost/login/index.php	yllib96	Aida270517
https://identity.alza.cz/Account/Login	ylli_blakaj@outlook.com	Aidaylli270517
https://accounts.nintendo.com/login	ylli_blakaj@outlook.com	Aidaylli270517
android://ZQ55YqxHQIopMmkmSTqM9aEo-Te_3coMxWGFooYH8eEIbzN20y59fh7bnrCiMynmMAvDanWZqFTwouJF2yA1Ng==@com.reddit.frontpage/	DarkGraphix	Aidaylli270517
https://www.leovegas.com/de-de/registrieren	ylli_blakaj@outlook.com	Andaiyllai1245!
https://geb.bankaustria.at/ga-gif-war/public/at/ePS/loginVerfuegerPinEPS.jsf	65608933	27052017Aida
android://Jzj5T2E45Hb33D-lk-EHZVCrb7a064dEicTwrTYQYGXO99JqE2YERhbMP1qLogwJiy87OsBzC09Gk094Z-U_hg==@com.netflix.mediaclient/	ylli_blakaj@outlook.com	RiesenBananenPenis1337420
https://wohnungssuche.wohnberatung-wien.at/	ylliblakaj	Aidaylli270517
https://jobs.epunkt.com/nc/registrieren/	ylli_blakaj@hotmail.com	Aidaylli270517
https://www.sneakersnstuff.com/en/auth/view	ylli_blakaj@hotmail.com	Aidaylli270517
https://socialclub.rockstargames.com/settings	ylli_blakaj@hotmail.com	Aidaylli270517!
https://goldsgym-nutrition.com/shop/customer/account/create/	ylli_blakaj@hotmail.com	Aidaylli270517
https://www.neckermann.at/MeinKonto/	ylli_blakaj@outlook.com	Aidaylli270517
https://www.drmartens.com/de/de/login	ylli1blakaj@gmail.com	Aidaylli270517
https://cronometer.com/signup/	ylli_blakaj@hotmail.com	Aidaylli270517
https://www.c-and-a.com/webapp/wcs/stores/servlet/account/relogin	ylli_blakaj@outlook.com	Ylli270517
https://boerse.to/	ichmagkeksevonylli@hotmail.com	andaiyllai1245
https://www.alza.at/Registration.htm	ylli_blakaj@outlook.com	Aidaylli270517
https://m.snipes.at/ma/loginPage.html	ylli_blakaj@outlook.com	Aidaylli270517
https://www.depop.com/login/	graph1x	Aidaylli270517
https://buyee.jp/signup/regist/userinfo/4c6d1bfeadde7767e4bf91f653ce193c	ylli_blakaj@hotmail.com	Aidaylli270517!
https://accounts.nike.com/lookup	ylli_blakaj@hotmail.com	Aidaylli270517
https://www.torrentleech.org/torrents/top/index/added/-1%20day/orderby/completed/order/desc	mK420	marko15457
https://login.microsoftonline.com/57f200a2-009c-4d1a-bf1b-c1087d3cf9a1/oauth2/authorize	a.sljuka@integrationsfonds.at	computer1
https://iforgot.apple.com/password/reset	ylli_blakaj@outlook.com	Aidaylli270517
https://sportradar.wd3.myworkdayjobs.com/en-US/sportradar_careers/login	ylli_blakaj@hotmail.com	Aidaylli270517!
https://www.nike.com/at/en/	ylli_blakaj@hotmail.com	Aidaylli270517
https://www.maxgaming.com/shop	ylli_blakaj@hotmail.com	Aidaylli270517!
https://www.minecraft.net/de-de/login	ylli_blakaj@outlook.com	Aidaylli270517!
https://mangadex.org/activation/5FkgZbpux9Cq3UPXHQE8ARVcKWYBGmwn	graph1x	Aidaylli270517
https://www.gamivo.com/activation	ylli_blakaj	Aidaylli270517
https://accounts.paradoxplaza.com/login	ichmagkeksevonylli@hotmail.com	andaiyllai1245
https://www.cdjapan.co.jp/z/register/	ylli_blakaj@outlook.com	Aidaylli270517
https://www.amazon.de/ap/register	ylli_blakaj@hotmail.com	Aidaylli270517!
https://www.peek-cloppenburg.at/	ylli_blakaj@outlook.com	Aidaylli270517
https://www.samsungglp.com/glp/login.do	ppacvie	Pactravie3461!
https://www.sanasport.at/	ylli_blakaj@hotmail.com	Aidaylli270517!
https://login.aliexpress.com/	noliblakaj@hotmail.com	Noli76776
https://www.alternate.at/html/myAccount/login/page.html	ylli_blakaj@outlook.com	Aidaylli270517
https://www.die-staemme.de/page/new	graph1x	Aidaylli270517
https://accounts.google.com/ServiceLogin	ylli1blakaj@gmail.com	andaiyllai1245
https://footdistrict.de/adidas-yeezy-foam-runner-mineral-blue-gv7903.html	ylli_blakaj@hotmail.com	Aidaylli270517
android://YkZCKJXb71lVmACIgJotSVEj1soQEB7xAxCnsmH8ULiwttJNXILq2PpIaBQIVXZUk5QMeO9zfrKjHxHmFrjScg==@com.apple.android.music/	ylli_blakaj@outlook.com	Aidaylli270517
https://www.shisha-palace.at/customer/account/login/	ylli_blakaj@outlook.com	Aidaylli270517
https://forum.darksoftware.net/login/login	ylli_blakaj@outlook.com	Andaiyllai1245
https://account.tipico.de/login	ylli_blakaj	Aidaylli270517
https://pidasag.jobbase.io/apply/dqhm0thbi2ll4y7u8d503uu90oneipp	ylli_blakaj@hotmail.com	LCA2V!FDnn6NRn4
https://online.bankaustria.at/wps/portal/retail/userlogin	65608933	27052017Aida
https://account.tipico.com/login	ylli_blakaj	Aidaylli270517
https://www.spotify.com/at/signup/	Ylli_Blakaj	Aidaylli270517
https://accounts.pubg.com/register	ylli_blakaj@outlook.com	Aidaylli270517
http://localhost:8096/web/index.html	Ylli	Ylli123
https://sso.crunchyroll.com/login	ylli_blakaj@hotmail.com	Aidaylli270517!
https://tgate.magenta.at/oauth/login	06765123292	Aidaylli270517!
https://onlyfans.com/waifumilkfree	ylli_blakaj@outlook.com	Ylli123!
https://tickets.vangogh-alive.at/home	ylli_blakaj@hotmail.com	Aidaylli270517
https://teloweb.at/home	vie-import@pac-tra.com	viei4030
https://my.dazn.com/mylogin	blakajema@gmail.com	be2708
https://www.dazn.com/de-AT/account/signin	ylli1blakaj@gmail.com	Yllai123
https://www.crunchyroll.com/de/welcome/register	ylli_blakaj@hotmail.com	Aidaylli270517!
https://www.e-tec.at/registrierung.php	ylli_blakaj@outlook.com	Aidaylli270517
https://account.bandainamcoent.eu/new	graph1x	Aidaylli270517!
https://www.peek-cloppenburg.de/myaccount/login/	ylli_blakaj@outlook.com	Aidaylli270517
https://www.cineplexx.at/	ylli_blakaj@outlook.com	andaiyllai1245
https://www.e-ams.at/eams-sfa-account/p/index.jsf	yblakaj1	Aida270517
android://4kYgahvGwo8jQ61T5Jta1TR2ylnGidWx-dMWV1X9htDrng7Fhx-urD_dmuGhjssXw963CGiGCEkMINivnTb5rA==@com.dazn/	blakajema@gmail.com	emablakaj93
https://www.saturn.at/webapp/wcs/stores/servlet/MultiChannelMARegister	ylli_blakaj@outlook.com	Aidaylli270517
https://m.alza.at/login.htm	ylli_blakaj@outlook.com	Aidaylli270517
https://login.live.com/login.srf	ylli_blakaj@hotmail.com	Aidaylli270517
https://www.drei.at/selfcare/restricted/prepareChangeContactMethod.do	ylli_blakaj@hotmail.com	Aidaylli270517
https://www.americandy.at/account	ylli_blakaj@hotmail.com	Aidaylli270517
https://eu.battle.net/login/de/	ichmagkeksevonylli@hotmail.com	Y11i240596!
android://BnX9M66KmaqmzgqWgQxmbrJB_wO0ST53-DUZCnxDdLwf4JAsUtM2kKGudjeBclJFUquAP2JTpypk9qobA6PGMA==@com.discord/	ylli_blakaj@outlook.com	Aidaylli270517
https://www.meinevbv.at/	ylli_blakaj@hotmail.com	Aidaylli270517!
https://www3.lernplattform.schule.at/abendschule/login/index.php	sz892	Yllai123
https://www.rebuy.de/verkaufen/auth	ylli_blakaj@outlook.com	Aidaylli270517
https://auth.mangadex.org/realms/mangadex/protocol/openid-connect/auth	graph1x	Aidaylli270517
android://qbMQCZh-CU_SBn04UFat_bLMSicoFKWYI0MzXmOdBklD5gJcvH42kD8GXA5lvZmtq1ON0Dd8FAT6SLUIlwNUqA==@com.instagram.android/	yblakaj	Aidaylli270517
https://spielraum.co.at/de/warenkorb/daten.aspx	ylli_blakaj@hotmail.com	Aidaylli270517
https://www.expedia.de/user/signin	ylli_blakaj@outlook.com	Aidaylli270517
https://users.nexusmods.com/auth	graph1xd	Aidaylli270517
https://www.amazon.de/ap/signin	aida.sljuka.as@gmail.com	Berlin.2020
android://4kYgahvGwo8jQ61T5Jta1TR2ylnGidWx-dMWV1X9htDrng7Fhx-urD_dmuGhjssXw963CGiGCEkMINivnTb5rA==@com.dazn/	ylli_blakaj@hotmail.com	Aida270517
https://www.linkedin.com/signup	ylli_blakaj@hotmail.com	Aidaylli270517!
https://account.mojang.com/me/secure	FC Barcelona	andaiyllai1245
https://passport.twitch.tv/authentications/new	graphix_1	Aidaylli270517
https://www.sevenheavens.de/account/login	ylli_blakaj@hotmail.com	Aidaylli270517!
https://jobs.lidl.com/cui(bD0xZyZjPTg4Mw==)/default.htm	YLLIBLAKAJ	Andaiyllai1245!
https://cineplexx.at/sign-in	ylli_blakaj@hotmail.com	Aidaylli270517!
https://signup.depop.com/	graph1x	Aidaylli270517
https://www.summoners-inn.de/de/start	ylli_blakaj@outlook.com	Andaiyllai1245
https://app.f-online.at/	ylli_blakaj@hotmail.com	Aidaylli270517
https://log.wien/auth/realms/logwien/protocol/openid-connect/auth	ylli_blakaj@hotmail.com	Aidaylli270517!
https://secure.post.at/sso/login	aferore@hotmail.com	EmaYlliNoli1968!
https://www.naegelestrubell.at/customer/account/login/	ylli_blakaj@hotmail.com	Aidaylli270517!
https://www.aliexpress.com/item/1005001703174368.html	ylli_blakaj@outlook.com	Andaiyllai1245
http://www.snipes.at/	ylli_blakaj@outlook.com	yllai12
https://login.wmtransfer.com/GateKeeper/Password/a62cff0e-8f53-4017-b3ba-f3bcffcb22c1.aspx	+436606589984	Aidaylli270517
https://eu.alpinestars.com/account/login	ylli_blakaj@hotmail.com	Aidaylli270517!
https://id.kinguin.net/oauth/v2/auth/login	ylli_blakaj@outlook.com	WECAdnEBvnr4j6Y!
https://www3.lernplattform.schule.at/abendschule/login/index.php	SZ892	Yllai123
https://career5.successfactors.eu/career	ylli_blakaj@hotmail.com	Aidaylli270517
https://www.dominos.at/	ylli_blakaj@hotmail.com	Aidaylli270517
https://www.karriere.at/user/login	ylli_blakaj@hotmail.com	Aidaylli270517
https://www.pizzamann.at/auth/register	ylli_blakaj@outlook.com	andaiyllai1245
https://bethesda.net/en/dashboard	graph1x	Aidaylli270517
https://www.grailed.com/	ylli_blakaj@outlook.com	Andaiyllai1245
http://mavericks.gg/	graph1x	Aidaylli270517
https://login.live.com/login.srf	ichmagkeksevonylli@hotmail.com	Aidaylli270517!
https://login.karriere.at/account/login	ylli_blakaj@hotmail.com	Aidaylli270517
https://www.quelle.at/mein-konto/uebersicht/	aferore@hotmail.com	Afrore123!
https://www.gomibo.at/warenkorb/angaben	ylli_blakaj@hotmail.com	Andaiyllai1245
https://auth.services.adobe.com/de_DE/deeplink.html	ylli_blakaj@outlook.com	Andaiyllai1245
https://www.cdkeys.com/customer/account/create/	ylli_blakaj@outlook.com	Aidaylli270517!
https://www.penny.at/Karriere/Job_Registration/Job_Registration_Form/Job_Registration_Form/pe_JobControls.aspx	ylli_blakaj@outlook.com	Andaiyllai1245
https://secure.santanderconsumer.at/login	2773634466	Aidaylli270517!
https://www.dazn.com/de-AT/account/signin	ylli_blakaj@hotmail.com	Amkpidor1337
https://www.cardmarket.com/de/YuGiOh/Login	graph1x	Aidaylli270517!
https://www.edustore.at/customer/account/login/referer/aHR0cHM6Ly93d3cuZWR1c3RvcmUuYXQvY3VzdG9tZXIvcmV3YXJkcy9jb252ZXJ0Lw%2C%2C/	ylli_blakaj@hotmail.com	Aidaylli270517
https://store.fcbarcelona.com/account/login	ylli_blakaj@hotmail.com	Aidaylli270517!
https://www.bestsecret.at/entrance/index.htm	ylli_blakaj@hotmail.com	Aidaylli270517
https://my.eneba.com/login	ylli_blakaj@hotmail.com	Aidaylli270517!
https://www.dazn.com/de-AT/account/signin	blakajema@gmail.com	be2708
https://www.instagram.com/	ylli_blakaj	Aidaylli270517!
https://www.shisha-world.com/account/resetPassword/hash/r4X6rfG7HT50e5ziP0ygNM9De82p8SDL	ichmagkeksevonylli@hotmail.com	Andaiyllai1245
https://teloweb.at/home	josef.eibler@pac-tra.com	30101975Je!
https://twitter.com/	ichmagkeksevonylli@hotmail.com	Aidaylli270517
https://my.asos.com/identity/login	ylli_blakaj@outlook.com	Ylli270517
android://rOo56i6wJSuhTToG8s1V3ZsRmd-gv2eEMdqG75TFH2kmlRbK35kk8yIbEmg5-zWO37z1oX_cySDCoXW3THw79w==@com.contextlogic.wish/	ichmagkeksevonylli@hotmail.com	Aidaylli270517
https://cw4.lead-horizon.org/customer	ylli_blakaj@hotmail.com	Aidaylli270517
https://www.amdrewards.com/register	ylli_blakaj@hotmail.com	Aidaylli270517!
android://GfYpRhSvWto7B-qTT2MWzfGJQxJ9ShrKPnY47LPwYMXGDJxflr5-Cl9rj_9RofcnTxfrsdk0tKxa5iVTgWhjzw==@park.outlook.sign.in.client/	ylli_blakaj@hotmail.com	MCSSJrK9*iTbALuxmFIfq8qu2pV1z8tt4Fbjk0KL9yCRrWE6KfS08OxBnj75R52*Udne4QW95G69sW7Jjln*XRjTfJoNcRNVfSZ9mnresQWtNFs!VDWNv2ISmaFfIaUZfpeSUM95RcvMepMgupzPU0VGBUmAwbgpiHSpLVR4Ki9nxzVQ8rx0fvO6yDwqJh2PGOvCbNHsyWhNPVV6APwYRTebg*eED5GuvYk4Uq5*dOjYvYf16bpoHy0lDlrK6RQ1OZYGfSxE47tjbQtNpaIDBCA9cIXk5enYsQKcOHUcjNBybKRHO*SbiiipMP**50VAPUjYfNoEokUluxXkGQCdIKafrW1DCzB3*iG*K9l!GI38E1W!DdxZ8YOWFHd!XpVbCU4bjQqIrYEhO5UTo3VlLu2ygFPXojkdDMKfAMIXEsFbQZG!hLgPEhmaaL58Gu8M8jA$$
https://www.hrkgame.com/de/account/login/	graph1x	Aidaylli270517
https://signup.euw.leagueoflegends.com/de/signup/index	graph1xd	Aidaylli270517
https://login.post.at/f098c632-5a55-45ba-9bf4-c13870157cf1/b2c_1a_signup_signin/oauth2/v2.0/authorize	ylli_blakaj@outlook.com	Aidaylli270517
https://www.endclothing.com/eu/customer/account/createpassword/	ylli_blakaj@hotmail.com	Aidaylli270517
https://www.f-online.at/	ylli_blakaj@hotmail.com	Aidaylli270517
https://app.n26.com/login	ylli_blakaj@outlook.com	Aidaylli270517
https://checkout.def-shop.com/embedded/account/password-reset	ylli_blakaj@hotmail.com	Aidaylli270517!
https://www.oeticket.com/checkout.html	ylli_blakaj@hotmail.com	Aidaylli270517!
android://O-f1v2TW0v_EpARRQ0IoeLR9WFAMlMMYR0kBlDqc1VE_wtdzm43NTsBaNOrRVtbjPjMuqn7s7IFmNraoBSUhtA==@com.yopeso.lieferando/	ylli_blakaj@outlook.com	andaiyllai1245
https://www.lieferando.at/en/menu/pizzanista-wien-2	ylli_blakaj@outlook.com	Aidaylli270517
https://pro.coinmarketcap.com/	ylli_blakaj@hotmail.com	Aidaylli270517
android://Jzj5T2E45Hb33D-lk-EHZVCrb7a064dEicTwrTYQYGXO99JqE2YERhbMP1qLogwJiy87OsBzC09Gk094Z-U_hg==@com.netflix.mediaclient/	aida.sljuka.as@gmail.com	Ylli.27052017
https://de.alpinestars.com/account/login	ylli_blakaj@hotmail.com	Aidaylli270517!
https://www.vjw.digital.go.jp/main/	ylli_blakaj@hotmail.com	Aidaylli270517!
https://login.aliexpress.com/	ylli_blakaj@outlook.com	Andaiyllai1245
https://www.dazn.com/de-AT/account/signin	marko_kovacevic1997@hotmail.com	marko15457
https://www.douglas.at/de/login	ylli_blakaj@hotmail.com	Aidaylli270517!
https://www.f-online.app/at/	ylli_blakaj@hotmail.com	Aidaylli270517
https://www.handy-signatur.at/mobile/https-security-layer-request/identification.aspx	06606589984	Aidaylli270517!
https://tgate.magenta.at/oauth/login	06606589984	Aidaylli270517!
https://www.sbd-deutschland.de/account/register	ylli_blakaj@hotmail.com	Aidaylli270517
https://auth.univie.ac.at/login	yllib96	Aida270517
https://account.live.com/password/reset	ylli.mega@hotmail.com	Y11iB2405
https://eu.boohoo.com/checkout-login	ylli_blakaj@hotmail.com	Aidaylli270517
https://api.twitter.com/oauth/authenticate	ichmagkeksevonylli@hotmail.com	Aidaylli270517
https://accounts.spotify.com/de/login	ylli_blakaj@outlook.com	andaiyllai1245
https://www.amazon.de/ap/signin	ichmagkeksevonylli@hotmail.com	andaiyllai1245
https://login.live.com/ppsecure/post.srf	ichmagkeksevonylli@hotmail.com	Aidaylli270517!
https://www.libro.at/registration/customer/	ylli_blakaj@outlook.com	Aidaylli270517
https://wolke7shishashop.de/account	ylli_blakaj@hotmail.com	Aidaylli270517
https://de.boohoo.com/register	ylli_blakaj@hotmail.com	Aidaylli270517
https://www.disneyplus.com/de-de/sign-up/password	ylli_blakaj@outlook.com	Aidaylli270517
https://geizhals.at/	ylli_blakaj@outlook.com	Aidaylli270517
https://www.instagram.com/ylli_blakaj/	y240596	Aidaylli270517
https://www.mylemon.at/	ichmagkeksevonylli@hotmail.com	andaiyllai1245
https://skyx.sky.at/anmeldung	aida.sljuka.as@gmail.com	Ylli.27052017
android://ZQ55YqxHQIopMmkmSTqM9aEo-Te_3coMxWGFooYH8eEIbzN20y59fh7bnrCiMynmMAvDanWZqFTwouJF2yA1Ng==@com.reddit.frontpage/	gr4ph1x	Aidaylli270517
https://www.spar.at/engage/jobexchange/showApplicationFormFinish.do	Ylli_Blakaj	Andaiyllai1245!
https://auth.accounts.expo2025.or.jp/auth/realms/expo2025/protocol/openid-connect/auth	ylli_blakaj	Aidaylli270517!
https://www.home24.at/registration	ylli_blakaj@hotmail.com	Aidaylli270517!
https://login.bandainamcoent.eu/login	graph1x	Aidaylli270517!
https://coinmarketcap.com/	ylli_blakaj@hotmail.com	Aidaylli270517
https://www.bestsecret.com/entrance/index.htm	ylli_blakaj@hotmail.com	Aidaylli270517
android://_FyqzpWEm5lYOwDqhVKVkl6zJS3I9rWibGrT7rbdlsAQh2H790wnJIzyvj6WrOJHJ9n3_fq9EA8ckuUuefz96Q==@at.merkurmarkt.merkurapp/	ylli_blakaj@outlook.com	Aidaylli270517
https://discord.com/login	ylli_blakaj@hotmail.com	Aidaylli270517
https://mega.nz/confirm5MSkaeH_b0PqziJrvBOqO0jCmYBmgLKNXPb4Mp1Pb4GbMsvByAkAUK3dZr1KxUB5bGxpX2JsYWthakBvdXRsb29rLmNvbQlZbGxpIEJsYWthatUdLfYWNx0X	ylli_blakaj@outlook.com	Andaiyllai1245
https://login.oeamtc.at/idp/authenticationendpoint/login.do	aida.sljuka.as@gmail.com	Ylli.27052017
https://shop.wienerlinien.at/abo_online.php/application/personal_data	ylli_blakaj@outlook.com	Aidaylli270517
android://uyN3LSAZMJGB6kH3rL6YjFJCBUvcHAlyT3Zm4QMyDow6ZFAmK1Nbzx_ZnZIVYSdvhsFq6P69IeuCDjLJ4-89Vg==@at.quelle.shop/	ylli_blakaj@outlook.com	yllai12!
https://shop.magenta.at/product/handy-mit-vertrag/apple-iphone-13-pro-max-graphit-128-gb-4041	06606589984	Aidaylli270517!
android://-u3HGu-gJrzq0NjLBboDHFZGYEu7hdKxWU8P9dL_XRg_9IJ-VuEooH3p_C4Wx7yM0uODNiD5IMiUivTU5G6iHw==@com.bestsecret.main/	ylli_blakaj@hotmail.com	Aidaylli270517
https://www.myunidays.com/DE/de-DE/account/log-in	Ema.blakaj@hotmail.com	passwort123
https://www.magenta.at/bin/public/tokencheck	06606589984	Aidaylli270517!
https://appsrv.besharp.at/vccapp/f	ylli_blakaj@hotmail.com	Aidaylli270517
https://www.quelle.at/is-bin/INTERSHOP.enfinity/WFS/QuelleAt-Shop-Site/de_AT/-/EUR/BV_ViewLogin-DisplayLoginForm;sid=rrrrrrrrrrrrrrrrrrrrrrrrrrrrrrrrrrrrrrrrrrrrrrrrrrrrrrrr	ylli_blakaj@outlook.com	Aidaylli270517!
https://login.live.com/login.srf	ylli.mega@hotmail.com	Y11iB2405
android://L_HbA4LFvk_NXwpeyqC6qyjQFw3rdFnLiuBpOmaBWDbTatRx_vFlkpebkpLu6mziBDC9PyXia1YgDarsmmAdAg==@com.mcdonalds.mobileapp/	ylli_blakaj@outlook.com	Aidaylli270517
https://www.univie.ac.at/ZID/uaccount-aktivierung/index.html	yllib96	Aida270517
https://www.livenation.co.uk/login	kiwiirulez@gmail.com	Be2708be2708
https://jobs.acp.at/Register/7472	ylli_blakaj@hotmail.com	Aidaylli270517
https://www.gameshop.at/mobile/index.asp	graph1x	Aidaylli270517
android://dMqfREWavCMnU1epVTIJdhEjUdGG_5dLX8lVybcRQBRQwVrNONXYfbRDBRTEoe9-wl6-8v6sKcZ_xhy_N-srBw==@at.geizhals.pv/	ylli_blakaj@outlook.com	Aidaylli270517
https://www.corepad.de/en/shop.php	ylli_blakaj@hotmail.com	Aidaylli270517!
https://accounts.binance.com/en/login	ylli_blakaj@hotmail.com	Aidaylli270517
https://campus.abendgymnasium.at/nachrichten/	SZ892	Yllai12
https://www.dazn.com/de-AT/account/signup	ylli_blakaj@outlook.com	Aidaylli270517
https://ebanking.bawagpsk.com/InternetBanking/InternetBanking	826513230	270517Aida
https://www.amazon.de/ap/signin	marko_kovacevic1997@hotmail.com	marko15457
https://www.facebook.com/help/delete_account	ylli_blakaj@outlook.com	Aidaylli270517
https://www.reddit.com/login/	gr4ph1x	Aidaylli270517
https://na.account.amazon.com/ap/signin	ylli_blakaj@hotmail.com	Aidaylli270517!
https://finanzonline.bmf.gv.at/fon/	48135308j386	1337y420
https://secure.last.fm/login	Graphix96	Aidaylli270517!
https://www.shop-apotheke.at/nx/login/	ylli_blakaj@hotmail.com	Aidaylli270517!
https://www.kuecher.com/checkout/finish	ylli_blakaj@hotmail.com	Aidaylli270517!
https://www.rakuten.de/kundenkonto	ylli_blakaj@outlook.com	Aidaylli270517
https://www.dainese.com/at/de/	ylli_blakaj@hotmail.com	Aidaylli270517!
https://www.tipico.de/de/wettkonto-registrieren/	ylli_blakaj	Aidaylli270517
android://TlrfS6vt4qjAVlxHRguLsVuzY56f_fakClFLfEitPpgF5aClMD3aRliXw7vDbaen14wX1UIyKBYJugqsyKfKFA==@at.lieferservice.android/	ylli_blakaj@outlook.com	andaiyllai1245
https://account.dji.com/register	ylli_blakaj@hotmail.com	Aidaylli270517!
https://www.expedia.at/MultiItemCheckout	ylli_blakaj@outlook.com	Aidaylli270517
https://secure.post.at/sso/registrierung	ylli_blakaj@outlook.com	Aidaylli270517
https://banking.bankaustria.at/wps/portal/retail/de/login/login/!ut/p/a1/hc_BTsMwDAbgZ-GQa_OvpVvglrGqUrcBUlety2VKpdBFZEmVpPD6FMQFMZhvtj7_sqmgLRVWvuleRu2sNJ-9mB_TO8ZnrMYG1UMOvtw0t2u2mKHOJ3CYAP4ojmv7eyp-krLYpuDVjj2uiyZbPmW_wKoswFflYlc3OZDiG_xzQ0VFb1z39c-B2y5jPRVevSivfDL6aXyKcQj3BATOGm1V0kn7KscQvZaJjATvQyAYnI_SEIxBeeN6bS_lnVyItL0YQ4dzC_183rPAbz4A2fHxAw!!/dl5/d5/L2dBISEvZ0FBIS9nQSEh/	65608933	27052017Aida
android://tuewyplE8wokPe16IiKnd0hOpgNZEm3Bwu1fj3QMAjOd7tSCubU56XJtyfP3mn3Xb9gTg5GJhr9bB3TCr8XYVg==@dominos.austria/	ylli_blakaj@hotmail.com	Aidaylli270517
https://www.amazon.de/ap/signin	ylli_blakaj@hotmail.com	Aidaylli270517!
https://www.humblebundle.com/store/xcom-ufo-defense-free-game	ichmagkeksevonylli@hotmail.com	andaiyllai1245
https://accounts.google.com/signin/v2/sl/pwd	ylli1blakaj@gmail.com	andaiyllai1245
https://mavericks.gg/	graph1x	Aidaylli270517
https://www.paramountplus.com/at/account/signin/	ylli_blakaj@hotmail.com	Aidaylli270517!
https://www.gpticketshop.com/en/order/enterdata.html	ylli_blakaj@hotmail.com	Aidaylli270517
https://accounts.epicgames.com/register/customized	ichmagkeksevonylli@hotmail.com	Aidaylli270517
https://www.alternate.de/html/myAccount/register/page.html	ylli_blakaj@outlook.com	Aidaylli270517
https://idmsa.apple.com/appleauth/auth/signin	ylli_blakaj@outlook.com	Andaiyllai1245
https://de.yugiohcardmarket.eu/Products/Singles/Structure+Deck%3A+The+Realm+of+Light/Urteilsdrache	Graph1x	Andaiyllai1245
https://www.drei.at/selfcare/prepareRegisterForm.do	Blakaj	Blakaj1
https://www.gamivo.com/login	ylli_blakaj@outlook.com	Aidaylli270517
https://mavericks.gg/	ylli_blakaj@outlook.com	Aidaylli270517
https://gpticketshop.com/	ylli_blakaj@hotmail.com	Aidaylli270517
https://account.mojang.com/login	ylli_blakaj@outlook.com	Aidaylli270517!
android://5v3PIpbvBMvHtglg7uoJVKPR4PTdsBLaiqfPA1cTbIXK69XWoj85QrrE_JnTSxHrJ_zoshrwI2Iidnw5JjuWhg==@de.burgerking.kingfinder/	ylli_blakaj@outlook.com	Aidaylli270517
https://www.zalando.at/adidas-originals-tubular-radial-sneaker-low-ad112b0k3-q11.html	ichmagkeksevonylli@hotmail.com	andaiyllai1245
https://connect.ubisoft.com/login	ylli_blakaj@outlook.com	Aidaylli270517
https://signin.ea.com/p/web2/login	ylli_blakaj@hotmail.com	Aidaylli270517!!
https://bis.gemeinsam-staerker.info/sobitvX/htmlweb/auth/selectPassword.xhtml	blakaj	Aidaylli270517!
https://soundcloud.com/	ylli1blakaj@gmail.com	Aidaylli270517
https://www.franciskurkdjian.com/eu-en/login	ylli_blakaj@hotmail.com	Aidaylli270517!
https://mobile.willhaben.at/login	ylli_blakaj@outlook.com	Aidaylli270517
https://www.louis.at/de/login	ylli_blakaj@hotmail.com	Aidaylli270517!
https://my.dazn.com/mylogin	ylli_blakaj@outlook.com	Aidaylli270517
https://profile.callofduty.com/	ylli_blakaj@outlook.com	Aidaylli270517
https://www.cardmarket.com/de/YuGiOh	MarkoKov	Marko15457
https://www.zalando.at/myaccount/details/	ylli_blakaj@hotmail.com	Aidaylli270517
https://www.cyberport.at/tools/my-account/meine-bestellungen.html	aida.sljuka.as@gmail.com	isotip.1967
https://www.universal.at/mein-konto/meine-persoenlichen-daten	ylli_blakaj@outlook.com	Aidaylli270517!
https://www.bershka.com/at/logon.html	ylli_blakaj@hotmail.com	Aidaylli270517
https://secure.rakuten.de/checkout/create-account	ylli_blakaj@outlook.com	Aidaylli270517
https://secure.soundcloud.com/web-auth	ylli1blakaj@gmail.com	Aidaylli270517
https://www.manpower.at/user	ylli_blakaj@outlook.com	Aidaylli270517
https://www.sofort.com/payment/multipay/go/login	65608933	27052017Aida
https://id.nintendo.net/oauth/authorize	LordGraphix	andaiyllai1245
https://www.cosmeticexpress.com/customer/account/login/	ylli_blakaj@outlook.com	Aidaylli270517
https://appsrv.besharp.at/vccapp/f	ylli_blakaj	Aidaylli270517
https://www.epicgames.com/id/login	ylli_blakaj@outlook.com	Aidaylli270517!
https://www.thomassabo.com/EU/de_AT/checkout/login	ylli_blakaj@outlook.com	Andaiyllai12
https://www.aboutyou.at/p/6pm/hose-baby-blue-8416313	ylli_blakaj@outlook.com	Aidaylli270517
https://www.vinyl-digital.com/index.php	ylli_blakaj@hotmail.com	ay2Y4T9v!htX2S5
https://www.easycosmetic.at/login.aspx	ylli_blakaj@hotmail.com	Aidaylli270517
https://casino.mrgreen.com/de-AT/register	ylli_blakaj@hotmail.com	Aidaylli270517!
https://my.asos.com/identity/login	noliblakaj@hotmail.com	knuckles123
android://Mu8SWauQirWmibU9sdHdvxg7AQJtxVIu1LIQN0NELcW3Ah6-OWEc_kTWO3aFx1IvWCpXFMys1oWsYP8GOtkmIg==@com.sneakersnstuff.supply/	ylli_blakaj@hotmail.com	Aidaylli270517
https://www.vinted.at/	ylli_blakaj@hotmail.com	Aidaylli270517
https://www2.hm.com/de_at/index.html	ylli_blakaj@outlook.com	Aidaylli270517
https://accounts.discogs.com/register	graph1x	Aidaylli270517
http://bato.to/	graphix	andaiyllai1245
android://P91LaNcG-EdMPGytLfXgM7e4wvZh7SVry7sYIgNucBYtiLrkt8GblUBqelstMIzPE1Ijmni_nVKEy0xthm9jiw==@com.crunchyroll.crunchyroid/	ylli_blakaj@hotmail.com	Aidaylli270517!
https://atwar-game.com/users/register.php	graph1x	Ylli123!
https://www.luisaviaroma.com/myarea/login	ylli_blakaj@hotmail.com	Aidaylli2705
https://www.e-brief.at/frontend/	ylli_blakaj@outlook.com	Aidaylli270517
https://www.chrono24.at/	ylli_blakaj@outlook.com	Aidaylli270517
https://login.live.com/	ylliblakaj_pactra@hotmail.com	Aidaylli270517!
https://www.eurowings.com/de.html	ylli_blakaj@outlook.com	Aidaylli270517!
https://appleid.apple.com/auth/oauth2/authorize	ylli_blakaj@hotmail.com	Aidaylli270517!
https://k4g.com/auth/register	ylli_blakaj@outlook.com	Aidaylli270517
https://checkout.steampowered.com/login/	ylli399	Aidaylli270517
https://my.account.sony.com/central/signin/	ylli_blakaj@hotmail.com	Aidaylli270517!
https://service.wienerstadtwerke.at/auth/realms/wienenergie/protocol/openid-connect/auth	ylli_blakaj@hotmail.com	Aidaylli270517!
https://auth.riotgames.com/login	graph1xd	Aidaylli270517
https://auth.meta.com/device/	ylli_blakaj@hotmail.com	UD33-44LL
https://www.post.at/	ylli_blakaj@outlook.com	Aidaylli270517
https://my.minecraft.net/en-us/login/	ylli_blakaj@outlook.com	Aidaylli270517!
https://login.bestsecret.com/u/login	ylli_blakaj@hotmail.com	Aidaylli270517
https://www.esn.com/account/register	ylli_blakaj@hotmail.com	Aidaylli270517!
http://router/	user	PNS7XNM3
https://www.blackdesertonline.com/login	ichmagkeksevonylli@hotmail.com	andaiyllai1245
https://at.thenorthface.com/shop/LogonForm	ylli_blakaj@outlook.com	Aidaylli270517
android://P2EWkt3OumtgfTs8GLt0vG7aGleUWWR1niWrpNouCSFov8wzMzJuXRaXQYooDtpPnxRrdmqEOYxBd-dCekOWUw==@com.gosund.smart/	ylli1blakaj@gmail.com	Aidaylli270517
https://accounts.lidl.com/Account/Login	ylli_blakaj@outlook.com	Aidaylli270517
https://www.11teamsports.com/at-de/	ylli_blakaj@hotmail.com	Aidaylli270517
https://dschinni-shisha.com/checkout_login/confirm	ylli_blakaj@outlook.com	Aidaylli270517
https://www.faceit.com/en/login	ichmagkeksevonylli@hotmail.com	Andaiyllai1245
https://www.jdsports.at/myaccount/register/	ylli_blakaj@outlook.com	Aidaylli270517
https://www.jackjones.com/at/de/register	ylli_blakaj@outlook.com	Andaiyllai1245
https://login.aliexpress.com/	ylli_blakaj@hotmail.com	Aliexpress270517!
https://jobs.lidl.com/cui(====)/default.htm	ylli_blakaj	Aidaylli270517
https://accounts.stockx.com/login	ylli_blakaj@hotmail.com	Aidaylli270517
https://www.ryanair.com/at/de	ylli_blakaj@hotmail.com	Aidaylli270517
https://www.123-transporter.at/buchen/8e62ee63-c3af-4257-97a4-c982c8de5ec7/info	ylli_blakaj@hotmail.com	Aidaylli270517
android://dKranQB7c5H2WKHJF5rygyRh5-vrf7ZVODNX_XoJgJ5YncxgwK7vbH1kZrYCLmv68MEawe5nFA-sfKQk9mrbFQ==@tv.twitch.android.app/	graphix_1	Aidaylli270517
https://us.battle.net/login/de/	ichmagkeksevonylli@hotmail.com	Y11i240596!
https://www.rabb.it/	ylli_blakaj@outlook.com	Andaiyllai12
https://my.dazn.com/mylogin	ylli1blakaj@gmail.com	Yllai123
https://sso-v2.crunchyroll.com/de/login	ylli_blakaj@hotmail.com	Aidaylli270517!
https://www.willhaben.at/iad/	ylli_blakaj@outlook.com	Aidaylli270517
https://www.gigya.com/	ylli_blakaj@outlook.com	Aidaylli270517
android://tQHor_EyaBhjmEhTQYjKCWNM0KC3vXLXRgwryPB65_zX8I-cG-JvQBZGih_MqJgG7IRHQcMPykU-Bz076sNNZA==@fr.vestiairecollective/	ylli_blakaj@outlook.com	Aidaylli270517
https://ubigi.me/	ylli_blakaj@hotmail.com	Aidaylli270517!
https://www.nexon.com/account/de/login	ylli_blakaj@hotmail.com	Andaiyllai1245
https://uspace.univie.ac.at/web/gast/login	yllib96	Aida270517
https://at.alpinestars.com/account/register	ylli_blakaj@hotmail.com	Aidaylli270517!
https://raffles.allikestore.com/	ylli_blakaj@hotmail.com	Aidaylli270517
https://www.disneyplus.com/en-gb/login/password	ylli_blakaj@hotmail.com	Aidaylli270517
https://www.def-shop.com/	ylli_blakaj@hotmail.com	Aidaylli270517!
https://www.secnerp.net/nerp/index	Pactra1.id	Austria12!
https://sso.willhaben.at/auth/realms/willhaben/protocol/openid-connect/auth	ylli_blakaj@outlook.com	Aidaylli270517
https://www.instagram.com/	ylbk_	WELCHERHSWARDAS1996!!
https://ucp.nordvpn.com/login/	ylli_blakaj@outlook.com	Aidaylli270517
https://www.underarmour.eu/en-at/	ylli_blakaj@hotmail.com	Aidaylli270517
https://remote.pac-tra.com:10003/	yblakaj	Yllkaj21#
https://nyusekai.com/de-at/account/login	ylli_blakaj@hotmail.com	Aidaylli270517
https://www.temu.com/goods.html	ylli_blakaj@outlook.com	Ylliboss2405!
https://en.def-shop.com/	ylli_blakaj@hotmail.com	Aidaylli270517!
https://www.reddit.com/	gr4ph1x	Aidaylli270517
https://www.wildz.com/	ylli_blakaj@hotmail.com	Aidaylli270517!
https://eu.battle.net/login/de/	ylli_blakaj@hotmail.com	Aidaylli270517
https://play.esea.net/index.php	graph1x	Andaiyllai1245
https://www.epicgames.com/id/link/steam/new	ylli_blakaj@hotmail.com	Aidaylli270517
android://79xEc7TXh3cNp5rV9kci8i6AYyfPq8BmRomGIiNpLtXCAx3qy5RICnOQLbMJaQ1UNGV_N7sSK1dLpTmEZQ8csg==@com.spotify.music/	Ylli_Blakaj	Aidaylli270517
https://www.amazon.de/ap/signin	ylli_blakaj@outlook.com	andaiyllai1245
https://www.atombody.at/checkout/confirm	ylli_blakaj@outlook.com	Aidaylli270517
https://joe-club.my.site.com/kunden/s/login/	ylli_blakaj@outlook.com	Aidaylli270517
https://olb.consorsfinanz.at/	2005846491	Aidaylli270517-
https://www.tipico.com/de/online-sportwetten/	ylli_blakaj	Aidaylli270517
https://www.shisha-world.com/account/login/sTarget/account/sTargetAction/index	ylli_blakaj@outlook.com	Andaiyllai1245
https://idp.notino.com/account/login	ylli_blakaj@hotmail.com	Aidaylli270517!
https://usrmng.accounts.expo2025.or.jp/idmng/users/screen/reg/usersScreen	ylli_blakaj	Aidaylli270517!
https://portal.impfservice.wien/	ylli_blakaj@hotmail.com	Aidaylli270517
https://lernplattform.wifi.at/	0SljukaA	Ylli.27052017
https://launches.endclothing.com/product/yeezy-foam-runner-gx8774	ylli_blakaj@hotmail.com	Aidaylli270517
https://wizzair.com/de-de	ylli_blakaj@hotmail.com	Aidaylli270517
https://login.gog.com/login	ylli_blakaj@outlook.com	Andaiyllai1245
https://id.g2a.com/auth/auth/	ichmagkeksevonylli@hotmail.com	andaiyllai1245
https://www.faceit.com/de/settings/account	ylli_blakaj@hotmail.com	Andaiyllai1245
https://www.zalando-lounge.at/	ylli_blakaj@outlook.com	Aidaylli270517
https://www.flaconi.at/konto/registrieren/	ylli_blakaj@hotmail.com	Aidaylli270517
https://www.zecplus.de/account	ylli_blakaj@hotmail.com	Aidaylli270517
https://www.cyberport.at/tools/my-account/meine-bestellungen.html	drilon@live.at	159753kar
https://at.accounts.ikea.com/login	ylli_blakaj@hotmail.com	Aidaylli270517
https://www.bklieferservice.at/login	ylli_blakaj@outlook.com	Aidaylli270517!
https://www.el-nabil.com/account/login	ylli_blakaj@outlook.com	Aidaylli270517
https://keyesd.com/account/register	ylli_blakaj@hotmail.com	3ZbMiGYetrL9X!u
https://accounts.faceit.com/login	ylli_blakaj@hotmail.com	Andaiyllai1245
https://www.payback.at/anmelden	ylli_blakaj@hotmail.com	2705
android://QYpTKuNHABRCveVYbCGGIECsyKBx3ttOpk0RUj4ES4hto19P3NqJcnoPB8chDsm39wW5H-hScNcLtqh-ZK707A==@com.bitpanda.bitpanda/	ylli_blakaj@hotmail.com	Aidaylli270517
https://accounts.nintendo.com/login	ylli_blakaj@hotmail.com	Aidaylli270517
https://us.battle.net/login/de/	ylli_blakaj@hotmail.com	Aidaylli270517
android://YRgXOaNZM-lVrnkC9MSBVdoFAGgXknX1R6X3uE3cBBHR-ojukiQdQAJbi0FNavNm5WfCLCknr2V3MF733I2uOw==@de.zalando.mobile/	ichmagkeksevonylli@hotmail.com	andaiyllai1245
https://one.nexon.com/account/de/login	ylli_blakaj@hotmail.com	Andaiyllai1245
https://www.back4blood.com/de-at	ylli_blakaj@outlook.com	Aidaylli270517
https://m.zalando.at/login/	ichmagkeksevonylli@hotmail.com	andaiyllai1245
https://mega.nz/login	ichmagkeksevonylli@hotmail.com	Andaiyllai1245
https://www.paypal.com/	ylli_blakaj@hotmail.com	Aidaylli270517
https://www.glamira.at/customer/account/login/	ylli_blakaj@outlook.com	Aidaylli270517!
https://www.lieferservice.at/tanti-saluti	ylli_blakaj@outlook.com	andaiyllai1245
https://idmsa.apple.com/appleauth/auth/authorize/signin	ylli_blakaj@hotmail.com	Aidaylli270517!
https://discord.com/login	ylli_blakaj@outlook.com	Aidaylli270517
https://connect.shopgate.com/	ylli_blakaj@hotmail.com	Aidaylli270517
https://www.6pmseason.com/account/login	ylli_blakaj@hotmail.com	Aidaylli270517!
https://bato.to/	graphix	andaiyllai1245
https://wohnungssuche.wohnberatung-wien.at/	blakajylli	Aidaylli270517
android://icncPXtHFs4iz66bzMynQtLe0ytXewUQnIXwLgcPcJnM5tvyf_KMEkmfFAr9M80-CLJVPhqvk_rB6px-ykwftg==@com.depop/	ylli_blakaj@hotmail.com	Aidaylli270517
https://www.drei.at/selfcare/restricted/prepareMyProfile.do	06606589984	Aidaylli270517
https://cs.rin.ru/forum/ucp.php	graph1x	HNgHYGMkYrj4NJD
https://accounts.zalando.com/authenticate	ylli_blakaj@hotmail.com	Aidaylli270517
https://www.intersport.at/on/demandware.store/Sites-IntersportAT-Site/de_AT/Loyalty-RegisterForm	ylli_blakaj@hotmail.com	Aidaylli270517!
android://Jzj5T2E45Hb33D-lk-EHZVCrb7a064dEicTwrTYQYGXO99JqE2YERhbMP1qLogwJiy87OsBzC09Gk094Z-U_hg==@com.netflix.mediaclient/	ylli1blakaj@gmail.com	Aidaylli270517
android://kruaZwYGsiu76TbANLX52LLaQiATTg7QsVJEW6cz1vgYnZX_EOz197ZA6gI2AyAJ50pyP5QXnYDIY-Ct9TvhJw==@com.booking/	ylli_blakaj@hotmail.com	Aidaylli270517
https://weblogin.univie.ac.at/idp/profile/SAML2/POST/SSO	yllib96	Aida270517
android://ShmeNNpyBLBSr1LoUAaQq5oqBQfQWe004dSJKXb8YVMiXAd8JGBIYBwClzYDhCZMK3uk40WHuj7av0aaTq2w6w==@com.bawagpsk.bawagpsk/	826513230	270517Aida
https://travel.gov.gr/	ylli_blakaj@hotmail.com	Aidaylli270517
https://www.m-s-v.eu/at/checkout/confirm	ylli_blakaj@outlook.com	Aidaylli270517
android://L_HbA4LFvk_NXwpeyqC6qyjQFw3rdFnLiuBpOmaBWDbTatRx_vFlkpebkpLu6mziBDC9PyXia1YgDarsmmAdAg==@com.mcdonalds.mobileapp/	ylli_blakaj@hotmail.com	Aidaylli270517
android://lA4uwzTOaFSbi2wm5XcyfK6Yub84rXHnR20cIzTL6lRIIb2WsquvU1R30We-uyWnbtQZ8fbB6ImXYWDryJYZGg==@de.nextbike/	+436606589984	457615
android://rF2BMtDX6N5uymxwf2Syvpr7kW1gTUHhATVyF8dhrmRE8mvmWQ1KwSOvcxAEnpM52kL_VrS3omH3kq-I6N6SRQ==@com.paypal.android.p2pmobile/	ichmagkeksevonylli@hotmail.com	Aidaylli270517!
https://accounts.spotify.com/de/login	Ylli_Blakaj	Aidaylli270517
https://www.ottoversand.at/kasse/registrieren	ylli_blakaj@hotmail.com	Aidaylli270517!
android://WOMJZuVx7k9UXqwqyObnCxc-PHXMpA-zkAklaSy_Q7Qg9BlwaQrr5ND9E-XB-ofonzOi4uqU9x6lt2ypzVQ7dg==@at.oebb.ts/	ylli_blakaj@hotmail.com	Aidaylli270517!
https://account.booking.com/sign-in/password	ylli_blakaj@hotmail.com	Aidaylli270517
https://login.post.at/f098c632-5a55-45ba-9bf4-c13870157cf1/b2c_1a_signup_signin/oauth2/v2.0/authorize	aferore@hotmail.com	EmaYlliNoli1968!
https://2game.com/en/customer/account/login/	ylli_blakaj@outlook.com	Aidaylli270517
https://my.asos.com/identity/login	ichmagkeksevonylli@hotmail.com	Aidaylli270517
https://store.steampowered.com/login/	ylli399	Aidaylli270517
https://mein.wien.gv.at/Registrieren/	yblakaj	Aidaylli270517!
https://www.snipes.at/op/loginPage.html	ylli_blakaj@outlook.com	Aidaylli270517
https://www.cyberport.at/tools/checkout.html	ylli_blakaj@outlook.com	Aidaylli270517
https://account.playerauctions.com/login.html	ylli_blakaj@outlook.com	Aidaylli270517
https://www.paypal.com/signin	ylli_blakaj@hotmail.com	Aidaylli270517
https://minecraft.net/de/login/	ichmagkeksevonylli@hotmail.com	Aidaylli270517
https://www.bookdepository.com/account/login/to/account	yllib	Aidaylli270517
https://joe-club.force.com/kunden/s/login/	ylli_blakaj@outlook.com	Aidaylli270517
https://www.amazon.com/ap/signin	ylli_blakaj@hotmail.com	Aidaylli270517!
https://m.facebook.com/	ylli_blakaj@outlook.com	Aidaylli270517
android://qbMQCZh-CU_SBn04UFat_bLMSicoFKWYI0MzXmOdBklD5gJcvH42kD8GXA5lvZmtq1ON0Dd8FAT6SLUIlwNUqA==@com.instagram.android/	ylli_blakaj	Aidaylli270517!
https://www.netflix.com/at-en/login	ylli_blakaj@hotmail.com	Aidaylli270517!
https://signin.ea.com/p/web2/login	ylli_blakaj@outlook.com	Aidaylli270517!
https://book.timify.com/auth/register	ylli_blakaj@hotmail.com	Aidaylli270517!
https://ebanking.bawagpsk.com/InternetBanking/InternetBanking	96886590	270517Aida
android://fr7k2_M4wmylCFd1stpJ6aegi-gByGr2oRKdOj-QDXkIofT3weNvp75Ra8VcOfm7_A1tcq70-mWzfIVqY3sZmQ==@at.post.privat/	ylli_blakaj@outlook.com	Aidaylli270517
https://www.netflix.com/at/Login	aida.sljuka.as@gmail.com	Ylli.27052017
https://adobeid-na1.services.adobe.com/	ylli_blakaj@outlook.com	Andaiyllai1245
https://www.arwag.at/Wohnungen/Mein_Suchprofil	ylli_blakaj@outlook.com	Aidaylli270517
android://4kYgahvGwo8jQ61T5Jta1TR2ylnGidWx-dMWV1X9htDrng7Fhx-urD_dmuGhjssXw963CGiGCEkMINivnTb5rA==@com.dazn/	ylli_blakaj@outlook.com	Aidaylli270517
https://forum.geizhals.at/login.jsp	ylli_blakaj@outlook.com	Aidaylli270517
https://www.isg.com/jobs/login/index.jsf	ylli_blakaj@hotmail.com	Aidaylli270517
https://help.steampowered.com/de/wizard/Login	ylli399	Aidaylli270517
https://www.mjam.net/	Ylli Blakaj	Aida270517
https://www4.lernplattform.schule.at/henriettenplatz/login/index.php	ylliblakaj	Yllai12
android://BUi3vpJapuiQqpWQUdO7LVc7haroYELym0lKoadfKcXfV4LgV0V18zAGwx1jVqXQKZ2Xgdt5Yu_qeI3DHfPj1Q==@com.alibaba.aliexpresshd/	ylli_blakaj@outlook.com	Andaiyllai1245
https://www.thalia.at/shop/home/kunde/neu/	ylli_blakaj@outlook.com	Aidaylli270517
android://_wk-4R-l61KABQupx7SRtGMe26ECH2gbU08zLjo2nLty_nu2FYyJxq-ilF5NWQGTOJU7F6Mbv-praTPt9AI7Tg==@com.asos.app/	ylli_blakaj@outlook.com	Ylli270517
https://auth.ticketmaster.com/as/authorization.oauth2	ylli_blakaj@hotmail.com	Aida.27052017!
https://geizhals.eu/deepcool-fh-10-fan-hub-dp-f10pwm-hub-a2133008.html	ylli_blakaj@outlook.com	Aidaylli270517
https://www.kickz.com/de/login/	ylli_blakaj@hotmail.com	Aidaylli270517!
https://www.mediamarkt.at/webapp/wcs/stores/servlet/MultiChannelMAConfirmPassword	ylli_blakaj@outlook.com	Aidaylli270517
https://login.microsoftonline.com/57f200a2-009c-4d1a-bf1b-c1087d3cf9a1/oauth2/authorize	aida.sljuka-blakaj@integrationsfonds.at	computer9
https://www.citybikewien.at/de/	Ylli69	ylli123
https://nordaccount.com/login/password	ylli_blakaj@hotmail.com	Aidaylli270517!
https://success-pur-parfum.de/mein-konto/	ylli_blakaj@hotmail.com	Andaiyllai1245
https://us.battle.net/login/de/	ylli_blakaj@outlook.com	Aida27052017
https://connect.ubisoft.com/login	ylli_blakaj@hotmail.com	Aidaylli270517
https://www.asphaltgold.com/en/account/login	ylli_blakaj@hotmail.com	Aidaylli270517
https://www.marionnaud.at/marionnaud/duft/damen/damenduft/loverdose-eau-de-parfum/p/1121DIESELLOVERDOSEEDPFLAKON	ylli_blakaj@outlook.com	Aida270517
https://www.sportnahrung.at/checkout/onepage/	ylli_blakaj@outlook.com	Aidaylli270517
https://www.nike.com/at/launch/t/air-max-97-og-metallic-silver-university-red	ylli_blakaj@outlook.com	Aidaylli270517
https://csgo.99damage.de/de/leagues/teams/110828-manbringedenspritzwein	graph1x	Andaiyllai1245
https://auth.services.adobe.com/de_DE/index.html	ylli_blakaj@hotmail.com	Aidaylli270517!
https://www.ikea.com/at/de/profile/signup/	ylli_blakaj@hotmail.com	Aidaylli270517
https://www.quelle.at/is-bin/INTERSHOP.enfinity/WFS/QuelleAt-Shop-Site/de_AT/-/EUR/BV_ViewLogin-DisplayLoginForm;sid=7CgEf1Vax0khfwKzxJEUcD5QtlFaT8tL72WablYX30RmbMtL72XxfD7O	ylli_blakaj@outlook.com	Aidaylli270517!
https://www.twitch.tv/	graphix_1	Aidaylli270517
https://www.amazon.com/ap/signin	aida.sljuka.as@gmail.com	Berlin.2020
https://www.educom.at/customer/account/login/referer/aHR0cHM6Ly93d3cuZWR1Y29tLmF0L2N1c3RvbWVyL2FjY291bnQvaW5kZXgv/	ylli_blakaj@hotmail.com	Aidaylli270517
https://de.vestiairecollective.com/vintage/damen-taschen/	ylli_blakaj@outlook.com	Aidaylli270517
https://eu.battle.net/account/management/settings/change-email.html	ylli_blakaj@outlook.com	Aida27052017
https://www.amazon.de/ap/register	ylli1blakaj@gmail.com	Aidaylli270517
https://www.adidas.at/account-login	ylli_blakaj@outlook.com	Aidaylli270517
https://account.protonvpn.com/signup/account	graph1x	Aidaylli270517
https://shinkansen2.jr-central.co.jp/RSV_P/p72/ClientService	1815317019	Aida275!
android://OueXWS69sQ0dVEPQblyWg7gLBlVGVfNPoJFzuwZEo70w6tjNXJ2sipKX5md-RHGFvJ8hJYfKegMKw54YJCl0vw==@com.runtastic.android/	ylli_blakaj@outlook.com	Aidaylli270517
https://www.maskulin.de/account/register	ylli_blakaj@outlook.com	Andaiyllai1245
https://ebanking.bawagpsk.com/InternetBanking/InternetBanking	44784580	26912042
https://my.asos.com/identity/login	ylli_blakaj@hotmail.com	Aidaylli270517!
https://digi4school.at/aktivieren	Blakaj	andaiyllai1245
